{"L:0.25_DL:0.1":{"t\/s":[0.0,300.0,900.0,1800.0,3600.0,5400.0,7200.0],"release_API":[0.0,0.495860817,0.9891781398,0.9646195728,0.9916667126,1.0019389976,0.9940300126],"release_Pol":[0.0,0.534633096,0.9617839908,0.9628511293,0.9424169317,0.9465245775,0.9446086241],"release_API_std":[0.0,0.0080655758,0.0080655758,0.0081282122,0.0081282122,0.0160685153,0.0241967275],"release_Pol_std":[0.0,0.0250324859,0.0250324859,0.0358118617,0.0358118617,0.0392855961,0.0750974577],"API_mass\/mg":1.371,"Pol_mass\/mg":12.339},"L:1_DL:0.1":{"t\/s":[0.0,300.0,900.0,1800.0,3600.0,5400.0,7200.0],"release_API":[0.0,0.105825134,0.4663032178,0.8647129294,0.9640315554,0.9820756507,0.9851123948],"release_Pol":[0.0,0.1176552555,0.4640616473,0.8688650554,0.9567724873,0.9581911894,0.9637246282],"release_API_std":[0.0,0.0176163357,0.0122564155,0.0052896488,0.0043757541,0.0065905643,0.0011754872],"release_Pol_std":[0.0,0.0764182969,0.0510674931,0.0171408528,0.0268501751,0.0352018446,0.0158923912],"API_mass\/mg":6.015,"Pol_mass\/mg":54.135},"L:1_DL:0.3":{"t\/s":[0.0,300.0,900.0,1800.0,3600.0,5400.0,7200.0,9000.0,10800.0,12600.0,14400.0,16200.0,18000.0],"release_API":[0.0,0.0015827536,0.0029310357,0.0054527623,0.0105836111,0.0161309754,0.0216308383,0.0276954391,0.0340717232,0.0398299326,0.046852668,0.0510629612,0.0563556889],"release_Pol":[0.0,0.0579321647,0.0910426505,0.131527852,0.2060464464,0.2747780598,0.3363703485,0.3969080008,0.4439043136,0.4886897321,0.5319514479,0.5601308142,0.5787557553],"release_API_std":[0.0,0.0003192395,0.0004983684,0.0001083539,0.0009514905,0.0012780327,0.0013799983,0.001303259,0.0018953656,0.0021023209,0.0032516062,0.0018540766,0.0013505579],"release_Pol_std":[0.0,0.0269006472,0.014544934,0.0087761078,0.0217919057,0.0316792458,0.026893366,0.0259467408,0.0334985496,0.0373221358,0.0542567882,0.0309001755,0.0281502768],"API_mass\/mg":18.639,"Pol_mass\/mg":43.491},"L:0.25_DL:0.3":{"t\/s":[0.0,300.0,900.0,1800.0,3600.0,5400.0,7200.0,9000.0,10800.0,12600.0,14400.0,16200.0,18000.0],"release_API":[0.0,0.0055032163,0.0119612015,0.0189097079,0.0366235714,0.0500926874,0.0630265695,0.0753465796,0.0865976881,0.099408977,0.1123901678,0.1230169571,0.1353517126],"release_Pol":[0.0,0.1115323325,0.2596924452,0.4432297471,0.6488741675,0.7327267177,0.7593105439,0.7808282604,0.7899117956,0.7947354441,0.7899160919,0.8008667061,0.8125964325],"release_API_std":[0.0,0.0006300474,0.0004365387,0.0034147213,0.0023247882,0.0017890824,0.0014293861,0.001756758,0.0021004268,0.0041653316,0.0033708299,0.0022977201,0.0009353534],"release_Pol_std":[0.0,0.0323145294,0.0371369085,0.0642483248,0.0791300835,0.0554106339,0.0526440089,0.0625019117,0.0674145178,0.0873058075,0.0851890239,0.0684460239,0.0702753905],"API_mass\/mg":4.659,"Pol_mass\/mg":10.871},"L:1_DL:0.5":{"t\/s":[0.0,300.0,900.0,1800.0,3600.0,5400.0,7200.0,9000.0,10800.0,12600.0,14400.0,16200.0,18000.0],"release_API":[0.0,0.0012731527,0.0023787603,0.003930061,0.0073211003,0.0093089812,0.0127953594,0.0148302765,0.0169917625,0.0205569495,0.0228657639,0.0256897866,0.0283526638],"release_Pol":[0.0,0.0118938663,0.0176008965,0.0237886864,0.0322340918,0.0353056714,0.037786705,0.0388566676,0.0387296616,0.0431359966,0.0450836818,0.0461206113,0.0487701043],"release_API_std":[0.0,0.0000713612,0.0000718979,0.0002004642,0.0005030077,0.0006536022,0.0004907624,0.0002900433,0.000256506,0.0008729188,0.0010605522,0.0013166515,0.0012341239],"release_Pol_std":[0.0,0.0013398923,0.0021711675,0.0067801009,0.0164104885,0.0201071198,0.0157646874,0.0089039317,0.0068067961,0.0281851734,0.0341952887,0.041453468,0.0401249764],"API_mass\/mg":31.65,"Pol_mass\/mg":31.65},"L:0.25_DL:0.5":{"t\/s":[0.0,300.0,900.0,1800.0,3600.0,5400.0,7200.0,9000.0,10800.0,12600.0,14400.0,16200.0,18000.0],"release_API":[0.0,0.0039477436,0.0079088684,0.0098928251,0.0224358491,0.0311617135,0.0405796078,0.0487174298,0.0568538038,0.0641663946,0.0720731774,0.0797972981,0.0885794961],"release_Pol":[0.0,0.0475920438,0.0744586667,0.1180496075,0.0977171262,0.1108518876,0.1145572472,0.1177154259,0.1231142229,0.1295216273,0.1363831178,0.1428463591,0.1395563821],"release_API_std":[0.0,0.0004166997,0.0005056711,0.0015092795,0.0003080038,0.0003707591,0.0013214266,0.0009906802,0.0008577246,0.0013802608,0.0016898766,0.0030519636,0.003620618],"release_Pol_std":[0.0,0.0198676078,0.0269695007,0.0469271088,0.0180318067,0.016548169,0.0358686011,0.038614554,0.0186442266,0.0391019475,0.0499028318,0.0900834251,0.0931907946],"API_mass\/mg":7.915,"Pol_mass\/mg":7.915},"L:1_DL:0.7":{"t\/s":[0.0,300.0,900.0,1800.0,3600.0,5400.0,7200.0,9000.0,10800.0,12600.0,14400.0,16200.0,18000.0],"release_API":[0.0,0.000969336,0.0017523657,0.004349807,0.0055365786,0.0075903361,0.0096927611,0.0119752419,0.0138256078,0.016108849,0.0180180296,0.019636821,0.0214425112],"release_Pol":[0.0,0.0147340367,0.0078828595,0.0018351086,0.0125159388,0.0169446777,0.0192133008,0.022225935,0.0233842478,0.0236490933,0.0294060753,0.0422847007,0.031177238],"release_API_std":[0.0,0.0000614759,0.0000005702,0.0011012436,0.0001603315,0.0001981864,0.0003820438,0.0003076645,0.0006272821,0.0007747101,0.0004911418,0.0010891955,0.0008969966],"release_Pol_std":[0.0,0.0050185915,0.0020608416,0.0711001252,0.0148344006,0.0213489862,0.0343439191,0.0261233783,0.0520139699,0.0636464211,0.0377444167,0.0709894383,0.0712792889],"API_mass\/mg":45.178,"Pol_mass\/mg":19.362},"L:0.25_DL:0.7":{"t\/s":[0.0,300.0,900.0,1800.0,3600.0,5400.0,7200.0,9000.0,10800.0,12600.0,14400.0,16200.0,18000.0],"release_API":[0.0,0.0010626587,0.0050404853,0.0059554305,0.0117271996,0.0249127498,0.0298047548,0.0352676789,0.0416777511,0.0489997015,0.0563518492,0.0627830066,0.0694080875],"release_Pol":[0.0,0.0137306375,0.0034432426,0.0254407635,0.0138738348,0.0129676801,0.0274487794,0.08090765,0.0399831639,0.0321400919,0.0903538951,-0.0267723562,0.0312112652],"release_API_std":[0.0,0.0001978459,0.0005954547,0.0007420181,0.0018789615,0.0015877514,0.0015372356,0.0030602866,0.0027752104,0.002732362,0.0031315042,0.0026301804,0.0022892213],"release_Pol_std":[0.0,0.0142553135,0.0496933736,0.0538037971,0.1333472479,0.132053834,0.1246799173,0.198096829,0.2189712013,0.2393070175,0.2802870241,0.2204027243,0.2145063671],"API_mass\/mg":11.2,"Pol_mass\/mg":4.8}}